<?xml version="1.0" encoding="UTF-8" ?>
<!DOCTYPE mapper
  PUBLIC "-//mybatis.org//DTD Mapper 3.0//EN"
  "http://mybatis.org/dtd/mybatis-3-mapper.dtd">

<mapper namespace="com.cal.mapper.ProductMapper">

	<select id="productList" resultType="com.cal.dto.ProductDto">
		SELECT * FROM products
	</select>
	
<!--
	<select id="productDetail" parameterType="int"
		resultType="com.cal.dto.ProductDto">
		SELECT * FROM products WHERE id = #{id}
	</select>
 -->
 
	<insert id="productInsert" parameterType="com.cal.dto.ProductDto">
		INSERT INTO products (name, price, category, imageUrl)
		VALUES (#{name}, #{price}, #{category}, #{imageUrl})
	</insert>

	<update id="productUpdate" parameterType="com.cal.dto.ProductDto">
		UPDATE products
		SET name=#{name}, price=#{price}, category=#{category},
		imageUrl=#{imageUrl}
		WHERE id=#{id}
	</update>

	<delete id="productDelete" parameterType="int">
		DELETE FROM products WHERE id=#{id}
	</delete>

</mapper>
