<?xml version="1.0" encoding="UTF-8"?>
<!DOCTYPE mapper
  PUBLIC "-//mybatis.org//DTD Mapper 3.0//EN"
  "http://mybatis.org/dtd/mybatis-3-mapper.dtd">

<mapper namespace="com.cal.mapper.BoardMapper">

	<!-- 게시글 목록 조회 -->
	<select id="getBoardList" resultType="com.cal.dto.BoardDto">
		SELECT * FROM board ORDER BY id DESC
	</select>

	<!-- 게시글 id로 조회 -->
	<select id="getBoardById" parameterType="int"
		resultType="com.cal.dto.BoardDto">
		SELECT * FROM board WHERE id = #{id}
	</select>

	<!-- 게시글 등록 -->
	<insert id="insertBoard" parameterType="com.cal.dto.BoardDto">
		INSERT INTO board (title, content, writer, productId)
		VALUES (#{title}, #{content}, #{writer}, #{productId})
	</insert>

	<!-- 게시글 수정 -->
	<update id="updateBoard" parameterType="com.cal.dto.BoardDto">
		UPDATE board
		SET title = #{title},
		content = #{content},
		writer = #{writer},
		productId = #{productId}
		WHERE id = #{id}
	</update>

	<!-- 게시글 삭제 -->
	<delete id="deleteBoard" parameterType="int">
		DELETE FROM board WHERE id = #{id}
	</delete>

</mapper>