<?xml version="1.0" encoding="UTF-8"?>
<!DOCTYPE mapper
	PUBLIC "-//mybatis.org//DTD Mapper 3.0//EN"
	"http://mybatis.org/dtd/mybatis-3-mapper.dtd">
<mapper namespace="com.cal.mapper.BoardMapper">
	<!-- 상품 등록 -->
	<insert id="boardRegister">
		insert into board (title, content, writer, productId)
		values (#{title}, #{content}, #{writer}, #{productId})
	</insert>

	<insert id="insertBoard" parameterType="com.cal.dto.BoardDto">
		INSERT INTO board (title, content, writer, createTime, productId)
		VALUES (#{title}, #{content}, #{writer}), #{createTime}, #{productId})
	</insert>
	<!-- 게시글 1개 조회 -->
	<select id="selectBoardById" resultType="com.cal.dto.BoardDto">
		SELECT * FROM board WHERE id = #{id}
	</select>


	<!-- 게시글 수정 -->
	<update id="updateBoard" parameterType="com.cal.dto.BoardDto">
		UPDATE board
		SET title = #{title},
		content = #{content},
		writer = #{writer},
		productId = #{productId}
		WHERE id = #{id}

	</update>

	<select id="selectAllBoards" resultType="com.cal.dto.BoardDto">
		SELECT id, title, content, writer,createTime,productId
		FROM board
		ORDER BY id DESC
	</select>
	
    <!-- 게시글 삭제 -->
    <delete id="delete" parameterType="int">
        DELETE FROM board WHERE id = #{id}
    </delete>


</mapper>